{
    "svm_hog": {
        "accuracy": 0.6793650793650794,
        "precision": 0.7828583765112263,
        "recall": 0.6708197167755992,
        "f1": 0.6775436555440163
    },
    "svm_lbp": {
        "accuracy": 0.4253968253968254,
        "precision": 0.34674796747967485,
        "recall": 0.4541666666666667,
        "f1": 0.35321784696784697
    },
    "svm_htfs": {
        "accuracy": 0.5365079365079365,
        "precision": 0.44421019509125237,
        "recall": 0.4946759259259259,
        "f1": 0.44296038137305066
    },
    "svm_gabor": {
        "accuracy": 0.5523809523809524,
        "precision": 0.4486440677966102,
        "recall": 0.5055555555555555,
        "f1": 0.44208597948216904
    },
    "svm_sift": {
        "accuracy": 0.4634920634920635,
        "precision": 0.46164965986394557,
        "recall": 0.4405909586056645,
        "f1": 0.4300441734951072
    },
    "lr_hog": {
        "accuracy": 0.6190476190476191,
        "precision": 0.6159103641456583,
        "recall": 0.6809504357298475,
        "f1": 0.6291209080709632
    },
    "lr_lbp": {
        "accuracy": 0.19365079365079366,
        "precision": 0.26764673594847777,
        "recall": 0.2451388888888889,
        "f1": 0.13116785592881272
    },
    "lr_htfs": {
        "accuracy": 0.44126984126984126,
        "precision": 0.45643582572858404,
        "recall": 0.46887254901960784,
        "f1": 0.4460423124402538
    },
    "lr_gabor": {
        "accuracy": 0.5174603174603175,
        "precision": 0.35912698412698413,
        "recall": 0.47453703703703703,
        "f1": 0.39551301376746056
    },
    "lr_sift": {
        "accuracy": 0.5174603174603175,
        "precision": 0.5272727272727272,
        "recall": 0.5005582788671024,
        "f1": 0.506784794097834
    },
    "rf_hog": {
        "accuracy": 0.4222222222222222,
        "precision": 0.4694728820802562,
        "recall": 0.4782135076252723,
        "f1": 0.458844118417876
    },
    "rf_lbp": {
        "accuracy": 0.4095238095238095,
        "precision": 0.33320858871601444,
        "recall": 0.4614651416122004,
        "f1": 0.3601117619281543
    },
    "rf_htfs": {
        "accuracy": 0.4253968253968254,
        "precision": 0.46650017737358096,
        "recall": 0.4644880174291939,
        "f1": 0.45786251520196475
    },
    "rf_gabor": {
        "accuracy": 0.4031746031746032,
        "precision": 0.4806764859228363,
        "recall": 0.49987745098039216,
        "f1": 0.4563155867911813
    },
    "rf_sift": {
        "accuracy": 0.4634920634920635,
        "precision": 0.4489154752810215,
        "recall": 0.43920206971677556,
        "f1": 0.42698412567269
    },
    "xgb_hog": {
        "accuracy": 0.4126984126984127,
        "precision": 0.5565201176255943,
        "recall": 0.5479847494553377,
        "f1": 0.4525853959115326
    },
    "xgb_lbp": {
        "accuracy": 0.48253968253968255,
        "precision": 0.5263372128082976,
        "recall": 0.5449754901960784,
        "f1": 0.47483934983934983
    },
    "xgb_htfs": {
        "accuracy": 0.4507936507936508,
        "precision": 0.5028035997962953,
        "recall": 0.4903867102396514,
        "f1": 0.4909471039570256
    },
    "xgb_gabor": {
        "accuracy": 0.44761904761904764,
        "precision": 0.48356481481481484,
        "recall": 0.49522058823529413,
        "f1": 0.48324067431850787
    },
    "xgb_sift": {
        "accuracy": 0.4793650793650794,
        "precision": 0.4933296783625731,
        "recall": 0.4671432461873638,
        "f1": 0.47004671873088405
    }
}